Num_Cta,Cli_codigo,TipoCuenta,Sucursal,FechaApertura,Saldo
191-10001-44,C0001,CTA AHORROS DOLARES,Callao,25/07/2011,10047.18
191-10002-54,C0002,NA,San Isidro,01/04/2013,13162.99
191-10003-94,C0003,CTA CORRIENTE,Lince,21/08/2018,6988.77
191-10004-85,C0004,CTA CORRIENTE,San Isidro,30/03/2020,7283.82
191-10005-72,C0005,CTA CORRIENTE,La Molina,13/08/2012,13008.9
191-10006-52,C0006,CTA AHORROS DOLARES,Surco,25/06/2013,6328.96
191-10007-81,C0007,CTA AHORROS SOLES,Cajamarca,07/01/2018,14328.99
191-10008-73,C0008,CTA AHORROS DOLARES,Miraflores,08/09/2017,6263.03
191-10009-82,C0009,CTA CORRIENTE,Lince,27/01/2022,12558.22
191-10010-22,C0010,CTA CORRIENTE,Lince,20/01/2017,10745.48
191-10011-99,C0011,CTA AHORROS DOLARES,Callao,28/11/2024,14294.03
191-10012-71,C0012,CTA CORRIENTE,San Isidro,18/11/2019,606.6
191-10013-13,C0013,NA,Lince,21/07/2014,7343.33
191-10014-18,C0014,CTA AHORROS SOLES,Cajamarca,05/01/2011,4445.02
191-10015-28,C0015,CTA CORRIENTE,Surco,30/03/2024,1113.59
191-10016-34,C0016,CTA AHORROS SOLES,Cajamarca,06/10/2012,1068.78
191-10017-68,C0017,CTA CORRIENTE,San Isidro,24/12/2019,2237.36
191-10018-13,C0018,NA,San Isidro,22/04/2019,3520.01
191-10019-58,C0019,CTA CORRIENTE,Callao,13/04/2023,5035.24
191-10020-41,C0020,NA,Miraflores,30/06/2020,13073.77
191-10021-57,C0021,CTA CORRIENTE,La Molina,03/07/2014,8317.34
191-10022-84,C0022,CTA AHORROS DOLARES,San Isidro,22/06/2024,9059.34
191-10023-58,C0023,NA,Miraflores,09/03/2020,4568.2
191-10024-25,C0024,NA,Miraflores,27/12/2013,4301.77
191-10025-34,C0025,CTA AHORROS SOLES,Lince,17/11/2019,4471.44
191-10026-31,C0026,CTA AHORROS DOLARES,Lince,30/10/2013,9436.17
191-10027-71,C0027,NA,Miraflores,28/05/2011,13355.17
191-10028-99,C0028,CTA AHORROS DOLARES,San Isidro,18/07/2024,7924.52
191-10029-48,C0029,NA,La Molina,30/01/2011,9258.69
191-10030-94,C0030,CTA CORRIENTE,Callao,04/02/2017,14854.27
191-10031-70,C0031,CTA CORRIENTE,Lince,31/07/2023,1369.84
191-10032-38,C0032,CTA AHORROS DOLARES,La Molina,19/03/2010,10146.64
191-10033-44,C0033,CTA CORRIENTE,Callao,05/03/2021,8748.79
191-10034-14,C0034,CTA CORRIENTE,Callao,25/07/2020,11118.22
191-10035-42,C0035,CTA AHORROS SOLES,Callao,16/06/2021,5455.17
191-10036-31,C0036,CTA AHORROS DOLARES,Lince,02/06/2017,13583.44
191-10037-56,C0037,CTA AHORROS SOLES,Cajamarca,28/11/2015,1482.46
191-10038-36,C0038,CTA AHORROS DOLARES,Cajamarca,09/07/2014,11778.71
191-10039-66,C0039,CTA CORRIENTE,Cajamarca,14/11/2022,5188.95
191-10040-14,C0040,NA,San Isidro,05/01/2014,3411.72
191-10041-50,C0041,CTA AHORROS SOLES,Cajamarca,27/11/2018,9228.14
191-10042-91,C0042,NA,Cajamarca,24/04/2023,4357.67
191-10043-97,C0043,CTA AHORROS SOLES,San Isidro,19/04/2014,2851.79
191-10044-28,C0044,CTA AHORROS DOLARES,La Molina,04/03/2016,12692.0
191-10045-12,C0045,CTA CORRIENTE,La Molina,24/03/2014,2913.08
191-10046-41,C0046,CTA AHORROS DOLARES,Callao,16/09/2018,4229.13
191-10047-28,C0047,CTA CORRIENTE,Surco,09/05/2014,3190.93
191-10048-29,C0048,CTA AHORROS DOLARES,La Molina,03/03/2022,4554.23
191-10049-68,C0049,CTA AHORROS SOLES,Surco,28/01/2016,1013.59
191-10050-53,C0050,CTA AHORROS DOLARES,Lince,24/12/2015,5431.0
191-10051-88,C0051,CTA AHORROS DOLARES,Surco,29/04/2014,2323.34
191-10052-85,C0052,NA,Lince,30/08/2022,12472.05
191-10053-61,C0053,CTA CORRIENTE,Lince,17/11/2014,8598.01
191-10054-40,C0054,NA,Cajamarca,04/01/2011,14197.04
191-10055-68,C0055,CTA CORRIENTE,Lince,05/11/2010,9432.28
191-10056-50,C0056,CTA CORRIENTE,Miraflores,01/04/2023,8676.1
191-10057-89,C0057,NA,Lince,18/01/2010,11946.51
191-10058-45,C0058,CTA CORRIENTE,Cajamarca,11/05/2011,13514.6
191-10059-52,C0059,CTA AHORROS SOLES,Cajamarca,11/03/2022,6700.08
191-10060-46,C0060,CTA CORRIENTE,Surco,08/09/2015,6313.6
191-10061-79,C0061,CTA CORRIENTE,Callao,09/10/2013,1518.48
191-10062-19,C0062,CTA AHORROS SOLES,Surco,06/09/2012,5570.22
191-10063-88,C0063,CTA AHORROS SOLES,La Molina,20/12/2022,12145.9
191-10064-81,C0064,NA,Miraflores,07/02/2012,10651.85
191-10065-94,C0065,NA,Lince,18/03/2016,7601.07
191-10066-86,C0066,CTA AHORROS DOLARES,Surco,08/04/2011,8124.19
191-10067-31,C0067,CTA CORRIENTE,La Molina,14/08/2011,1678.54
191-10068-86,C0068,CTA CORRIENTE,La Molina,11/03/2018,13533.88
191-10069-71,C0069,NA,San Isidro,07/06/2016,1437.55
191-10070-14,C0070,CTA CORRIENTE,Callao,16/09/2024,5585.87
191-10071-85,C0071,CTA AHORROS SOLES,Lince,15/10/2012,8921.18
191-10072-72,C0072,CTA AHORROS DOLARES,San Isidro,06/01/2010,5304.59
191-10073-28,C0073,CTA AHORROS SOLES,Miraflores,22/02/2010,10146.03
191-10074-46,C0074,CTA CORRIENTE,San Isidro,15/08/2010,6583.44
191-10075-24,C0075,CTA AHORROS SOLES,San Isidro,20/01/2018,10960.74
191-10076-90,C0076,NA,San Isidro,06/10/2018,11375.46
191-10077-91,C0077,CTA AHORROS DOLARES,Callao,15/06/2010,5208.88
191-10078-94,C0078,CTA CORRIENTE,Cajamarca,14/10/2012,7433.65
191-10079-46,C0079,CTA AHORROS SOLES,La Molina,11/11/2012,13471.14
191-10080-58,C0080,CTA AHORROS SOLES,San Isidro,03/11/2015,8184.25
191-10081-88,C0081,CTA AHORROS DOLARES,La Molina,25/11/2022,6037.42
191-10082-32,C0082,CTA CORRIENTE,San Isidro,31/05/2019,13826.66
191-10083-77,C0083,CTA AHORROS DOLARES,Miraflores,13/07/2013,12473.67
191-10084-97,C0084,NA,Miraflores,06/03/2011,13150.73
191-10085-74,C0085,CTA AHORROS DOLARES,San Isidro,24/03/2024,13381.81
191-10086-23,C0086,CTA AHORROS SOLES,Miraflores,24/07/2016,14971.39
191-10087-78,C0087,CTA AHORROS SOLES,Miraflores,06/04/2022,3124.21
191-10088-11,C0088,CTA AHORROS DOLARES,Miraflores,13/01/2019,14262.89
191-10089-51,C0089,CTA CORRIENTE,Callao,23/05/2012,10596.2
191-10090-22,C0090,CTA CORRIENTE,Cajamarca,23/02/2020,9335.87
191-10091-77,C0091,CTA AHORROS DOLARES,Surco,01/07/2020,14708.75
191-10092-95,C0092,CTA CORRIENTE,San Isidro,29/04/2023,13423.03
191-10093-21,C0093,CTA AHORROS SOLES,Callao,20/03/2013,12275.11
191-10094-91,C0094,CTA AHORROS SOLES,La Molina,15/10/2016,10683.34
191-10095-35,C0095,CTA AHORROS SOLES,Cajamarca,26/05/2012,1699.9
191-10096-32,C0096,CTA AHORROS SOLES,Cajamarca,12/06/2016,13973.88
191-10097-58,C0097,CTA AHORROS DOLARES,Miraflores,10/08/2022,8500.75
191-10098-56,C0098,CTA AHORROS DOLARES,Cajamarca,24/01/2015,14483.64
191-10099-31,C0099,CTA CORRIENTE,La Molina,29/10/2011,4256.93
191-10100-49,C0100,CTA AHORROS DOLARES,Callao,14/05/2021,8427.46
191-10101-83,C0101,CTA AHORROS DOLARES,Lince,25/09/2024,8510.88
191-10102-37,C0102,CTA AHORROS DOLARES,Cajamarca,31/10/2022,9447.18
191-10103-44,C0103,CTA AHORROS SOLES,Miraflores,04/06/2017,10130.66
191-10104-32,C0104,CTA AHORROS DOLARES,Lince,02/03/2013,6844.8
191-10105-59,C0105,CTA AHORROS DOLARES,Miraflores,25/02/2024,9876.44
191-10106-69,C0106,CTA AHORROS DOLARES,La Molina,20/09/2014,2361.15
191-10107-75,C0107,CTA CORRIENTE,La Molina,25/07/2020,4677.8
191-10108-20,C0108,NA,La Molina,01/10/2012,12361.38
191-10109-65,C0109,NA,Callao,21/02/2018,1410.89
191-10110-39,C0110,NA,Lince,28/04/2018,10238.09
191-10111-15,C0111,CTA AHORROS SOLES,Cajamarca,18/07/2012,759.7
191-10112-68,C0112,CTA AHORROS SOLES,Cajamarca,21/09/2010,5921.09
191-10113-50,C0113,NA,Surco,25/05/2010,11505.81
191-10114-43,C0114,CTA AHORROS DOLARES,Miraflores,20/01/2013,9651.37
191-10115-95,C0115,NA,Miraflores,28/09/2015,6137.98
191-10116-23,C0116,NA,La Molina,31/12/2024,10049.28
191-10117-86,C0117,CTA CORRIENTE,Surco,01/01/2023,5646.0
191-10118-76,C0118,CTA CORRIENTE,Miraflores,17/07/2010,11706.44
191-10119-53,C0119,CTA AHORROS SOLES,La Molina,09/04/2024,4824.96
191-10120-63,C0120,CTA AHORROS SOLES,Callao,26/09/2011,10021.33
191-10121-89,C0121,CTA AHORROS DOLARES,La Molina,20/12/2016,743.81
191-10122-12,C0122,CTA CORRIENTE,Surco,29/05/2024,8577.39
191-10123-88,C0123,CTA CORRIENTE,San Isidro,17/05/2017,5070.72
191-10124-96,C0124,NA,Miraflores,29/05/2021,10283.5
191-10125-41,C0125,CTA CORRIENTE,Cajamarca,17/07/2024,7742.0
191-10126-48,C0126,CTA CORRIENTE,Miraflores,16/08/2022,12334.32
191-10127-71,C0127,NA,Callao,12/09/2016,9061.65
191-10128-68,C0128,CTA AHORROS DOLARES,Lince,19/05/2024,14677.64
191-10129-60,C0129,NA,San Isidro,13/02/2024,10926.63
191-10130-74,C0130,NA,Miraflores,30/10/2022,8277.25
191-10131-26,C0131,NA,Cajamarca,10/07/2022,6101.46
191-10132-19,C0132,CTA AHORROS SOLES,Cajamarca,19/04/2017,3190.65
191-10133-66,C0133,NA,Surco,28/07/2017,14596.01
191-10134-92,C0134,NA,Miraflores,27/10/2017,2837.18
191-10135-34,C0135,CTA AHORROS DOLARES,San Isidro,18/08/2010,12889.94
191-10136-25,C0136,CTA AHORROS SOLES,Miraflores,06/07/2023,6438.85
191-10137-52,C0137,CTA AHORROS SOLES,Miraflores,28/02/2010,13502.51
191-10138-38,C0138,CTA AHORROS SOLES,Lince,12/11/2018,10129.55
191-10139-99,C0139,NA,Surco,27/08/2021,3723.98
191-10140-89,C0140,CTA AHORROS DOLARES,Surco,05/06/2014,12416.18
191-10141-65,C0141,CTA AHORROS DOLARES,Lince,27/03/2021,7107.47
191-10142-13,C0142,NA,Cajamarca,16/06/2014,8085.81
191-10143-21,C0143,NA,La Molina,03/09/2022,9054.29
191-10144-43,C0144,CTA AHORROS DOLARES,Lince,19/11/2015,1319.92
191-10145-33,C0145,CTA AHORROS DOLARES,Surco,18/01/2021,6690.16
191-10146-51,C0146,CTA CORRIENTE,Miraflores,16/09/2015,7901.46
191-10147-51,C0147,NA,Miraflores,18/06/2010,1214.65
191-10148-89,C0148,CTA AHORROS SOLES,San Isidro,15/07/2011,2954.7
191-10149-65,C0149,CTA AHORROS DOLARES,Miraflores,25/11/2017,6749.65
191-10150-68,C0150,CTA AHORROS SOLES,Lince,20/02/2022,5126.12
191-10151-85,C0151,CTA CORRIENTE,La Molina,05/08/2010,12157.38
191-10152-67,C0152,CTA AHORROS DOLARES,Callao,15/08/2016,10196.54
191-10153-57,C0153,NA,Callao,21/09/2016,1374.31
191-10154-12,C0154,CTA AHORROS DOLARES,San Isidro,05/08/2013,2283.98
191-10155-14,C0155,NA,Cajamarca,06/10/2017,4342.23
191-10156-19,C0156,CTA CORRIENTE,Miraflores,14/05/2024,6544.84
191-10157-22,C0157,CTA AHORROS DOLARES,Cajamarca,03/06/2022,2878.08
191-10158-32,C0158,CTA CORRIENTE,Cajamarca,06/01/2013,14423.28
191-10159-55,C0159,CTA CORRIENTE,Lince,22/03/2023,12701.04
191-10160-36,C0160,CTA CORRIENTE,Surco,08/01/2011,6645.74
191-10161-94,C0161,NA,Surco,16/02/2023,6294.96
191-10162-29,C0162,CTA CORRIENTE,La Molina,24/06/2019,9284.38
191-10163-43,C0163,NA,Miraflores,04/07/2020,504.31
191-10164-93,C0164,CTA CORRIENTE,Miraflores,05/09/2014,6005.98
191-10165-28,C0165,CTA AHORROS SOLES,San Isidro,24/01/2021,11406.37
191-10166-90,C0166,CTA CORRIENTE,Miraflores,25/08/2011,10899.96
191-10167-59,C0167,CTA AHORROS SOLES,La Molina,08/05/2021,5479.24
191-10168-72,C0168,CTA AHORROS DOLARES,Cajamarca,22/12/2022,12196.89
191-10169-98,C0169,CTA CORRIENTE,Surco,26/09/2014,14343.14
191-10170-82,C0170,CTA AHORROS SOLES,Cajamarca,05/02/2016,11948.09
191-10171-75,C0171,CTA AHORROS SOLES,Lince,12/06/2024,1833.14
191-10172-48,C0172,CTA AHORROS SOLES,Callao,22/09/2020,2928.74
191-10173-88,C0173,NA,Miraflores,10/10/2023,3482.1
191-10174-36,C0174,NA,San Isidro,30/08/2021,8190.08
191-10175-94,C0175,CTA AHORROS DOLARES,San Isidro,20/06/2010,7547.89
191-10176-20,C0176,CTA CORRIENTE,Cajamarca,18/07/2020,11789.84
191-10177-29,C0177,CTA AHORROS SOLES,Lince,19/12/2010,2620.2
191-10178-70,C0178,CTA AHORROS DOLARES,Cajamarca,20/07/2018,8243.01
191-10179-60,C0179,CTA AHORROS DOLARES,Lince,09/02/2012,10327.99
191-10180-34,C0180,CTA AHORROS SOLES,Cajamarca,29/05/2023,3895.63
191-10181-99,C0181,NA,Lince,03/08/2019,2570.07
191-10182-75,C0182,CTA AHORROS SOLES,San Isidro,08/09/2016,5963.2
191-10183-91,C0183,CTA AHORROS SOLES,Cajamarca,01/12/2024,11064.63
191-10184-26,C0184,CTA AHORROS SOLES,Cajamarca,21/02/2020,2803.64
191-10185-64,C0185,CTA AHORROS SOLES,Lince,01/11/2015,6876.58
191-10186-84,C0186,NA,Miraflores,06/11/2018,7731.35
191-10187-61,C0187,CTA AHORROS DOLARES,Surco,10/08/2022,7367.46
191-10188-45,C0188,CTA AHORROS SOLES,Callao,15/02/2016,3925.5
191-10189-31,C0189,NA,Cajamarca,15/02/2016,2858.37
191-10190-84,C0190,NA,Callao,05/02/2018,12523.25
191-10191-15,C0191,CTA AHORROS SOLES,San Isidro,18/11/2021,11129.6
191-10192-36,C0192,CTA CORRIENTE,Surco,11/12/2015,4623.32
191-10193-42,C0193,CTA AHORROS DOLARES,Lince,29/09/2015,5443.72
191-10194-37,C0194,NA,Callao,22/04/2010,9429.93
191-10195-81,C0195,CTA AHORROS DOLARES,Lince,28/09/2011,7624.87
191-10196-71,C0196,NA,Cajamarca,14/11/2014,5820.61
191-10197-26,C0197,CTA CORRIENTE,San Isidro,03/03/2017,10559.93
191-10198-32,C0198,CTA AHORROS DOLARES,La Molina,27/12/2014,13372.19
191-10199-38,C0199,CTA AHORROS SOLES,La Molina,20/05/2022,7454.08
191-10200-68,C0200,CTA AHORROS SOLES,Miraflores,18/03/2020,8660.3
191-10201-73,C0201,NA,Callao,19/10/2023,9840.91
191-10202-33,C0202,CTA CORRIENTE,Callao,30/06/2012,9803.4
191-10203-66,C0203,CTA AHORROS DOLARES,Miraflores,04/12/2021,10185.73
191-10204-81,C0204,NA,Lince,12/02/2018,8540.12
191-10205-78,C0205,CTA AHORROS SOLES,Cajamarca,24/01/2013,1766.0
191-10206-88,C0206,CTA AHORROS SOLES,Callao,12/01/2023,3603.9
191-10207-41,C0207,CTA AHORROS SOLES,Lince,30/07/2020,5461.6
191-10208-25,C0208,CTA CORRIENTE,La Molina,23/06/2016,13819.58
191-10209-38,C0209,CTA AHORROS SOLES,Miraflores,18/10/2011,1121.34
191-10210-84,C0210,NA,Callao,08/04/2010,6310.79
191-10211-91,C0211,CTA CORRIENTE,La Molina,24/02/2023,14730.59
191-10212-55,C0212,CTA AHORROS SOLES,San Isidro,04/01/2018,11170.48
191-10213-40,C0213,CTA CORRIENTE,Lince,26/05/2015,1326.94
191-10214-23,C0214,CTA AHORROS DOLARES,Cajamarca,23/01/2021,9978.65
191-10215-63,C0215,NA,Cajamarca,04/09/2023,10372.51
191-10216-53,C0216,CTA AHORROS DOLARES,San Isidro,13/11/2021,4564.3
191-10217-67,C0217,CTA AHORROS DOLARES,Callao,10/01/2012,4670.25
191-10218-91,C0218,CTA AHORROS SOLES,Lince,22/01/2021,3236.83
191-10219-87,C0219,CTA AHORROS SOLES,Miraflores,14/02/2010,9871.48
191-10220-84,C0220,CTA AHORROS DOLARES,Surco,03/01/2017,6636.36
191-10221-61,C0221,CTA AHORROS SOLES,Cajamarca,17/09/2018,6693.11
191-10222-60,C0222,CTA AHORROS SOLES,La Molina,07/07/2023,2950.97
191-10223-16,C0223,NA,Lince,22/02/2017,4799.93
191-10224-51,C0224,CTA CORRIENTE,Miraflores,28/10/2019,9765.55
191-10225-31,C0225,CTA AHORROS DOLARES,Lince,01/12/2021,6080.56
191-10226-73,C0226,CTA AHORROS SOLES,Surco,05/05/2014,12495.21
191-10227-15,C0227,CTA AHORROS SOLES,Callao,18/04/2013,13868.67
191-10228-54,C0228,CTA AHORROS DOLARES,Miraflores,21/06/2012,4693.04
191-10229-91,C0229,NA,San Isidro,23/11/2017,4569.88
191-10230-41,C0230,CTA AHORROS SOLES,Callao,08/05/2012,6234.04
191-10231-96,C0231,CTA CORRIENTE,Cajamarca,12/07/2013,13212.92
191-10232-85,C0232,CTA CORRIENTE,Callao,23/12/2010,5245.0
191-10233-16,C0233,CTA CORRIENTE,Lince,04/04/2021,1271.23
191-10234-42,C0234,CTA AHORROS DOLARES,Surco,20/04/2023,14480.14
191-10235-61,C0235,NA,Cajamarca,05/05/2014,3284.89
191-10236-74,C0236,CTA AHORROS SOLES,San Isidro,13/01/2010,12848.55
191-10237-94,C0237,CTA AHORROS DOLARES,Surco,05/04/2021,13764.34
191-10238-80,C0238,CTA CORRIENTE,La Molina,28/08/2021,9901.37
191-10239-56,C0239,CTA AHORROS SOLES,Surco,28/02/2023,3094.99
191-10240-87,C0240,CTA CORRIENTE,Cajamarca,24/12/2015,6503.13
191-10241-68,C0241,CTA AHORROS DOLARES,Cajamarca,09/12/2021,1209.03
191-10242-74,C0242,CTA AHORROS SOLES,La Molina,07/11/2019,1241.88
191-10243-30,C0243,CTA AHORROS DOLARES,Surco,17/07/2023,12484.83
191-10244-66,C0244,CTA AHORROS SOLES,Callao,16/03/2016,534.66
191-10245-85,C0245,CTA AHORROS SOLES,La Molina,19/09/2012,8715.57
191-10246-63,C0246,CTA AHORROS DOLARES,La Molina,16/02/2022,11921.85
191-10247-90,C0247,CTA AHORROS DOLARES,Callao,16/10/2022,13134.68
191-10248-79,C0248,CTA AHORROS DOLARES,Callao,02/09/2010,2985.0
191-10249-82,C0249,NA,La Molina,22/10/2019,7706.95
191-10250-18,C0250,CTA AHORROS DOLARES,Lince,27/06/2017,4388.38
191-10251-24,C0251,NA,Miraflores,22/05/2024,8896.21
191-10252-40,C0252,NA,San Isidro,28/10/2019,8555.03
191-10253-75,C0253,CTA AHORROS DOLARES,Cajamarca,15/10/2022,3119.08
191-10254-88,C0254,CTA AHORROS SOLES,Cajamarca,10/12/2015,1904.58
191-10255-97,C0255,CTA AHORROS DOLARES,Surco,14/04/2018,11872.9
191-10256-80,C0256,CTA AHORROS DOLARES,San Isidro,16/11/2023,6059.89
191-10257-60,C0257,CTA CORRIENTE,Miraflores,18/07/2016,14959.86
191-10258-42,C0258,CTA AHORROS DOLARES,San Isidro,07/02/2019,2380.17
191-10259-55,C0259,CTA AHORROS SOLES,San Isidro,05/11/2011,2991.04
191-10260-61,C0260,CTA CORRIENTE,Lince,01/04/2018,6763.45
191-10261-68,C0261,CTA AHORROS SOLES,La Molina,06/06/2024,2444.12
191-10262-79,C0262,CTA AHORROS SOLES,San Isidro,18/10/2012,5949.91
191-10263-46,C0263,CTA AHORROS DOLARES,Cajamarca,13/11/2017,4060.26
191-10264-31,C0264,CTA CORRIENTE,Callao,09/09/2021,12107.06
191-10265-77,C0265,CTA AHORROS DOLARES,San Isidro,30/12/2015,1080.7
191-10266-46,C0266,NA,Callao,13/02/2013,1434.32
191-10267-12,C0267,CTA CORRIENTE,San Isidro,09/04/2011,4375.86
191-10268-44,C0268,CTA AHORROS DOLARES,San Isidro,19/04/2011,12840.86
191-10269-28,C0269,CTA AHORROS SOLES,Callao,07/06/2012,3083.0
191-10270-62,C0270,CTA CORRIENTE,Miraflores,16/01/2022,10418.61
191-10271-94,C0271,CTA AHORROS DOLARES,Lince,08/04/2023,8766.99
191-10272-31,C0272,CTA AHORROS SOLES,La Molina,04/11/2015,11663.66
191-10273-69,C0273,CTA CORRIENTE,La Molina,08/05/2022,4518.34
191-10274-13,C0274,CTA AHORROS SOLES,Miraflores,25/10/2014,1334.87
191-10275-63,C0275,CTA AHORROS DOLARES,San Isidro,22/09/2019,1962.32
191-10276-20,C0276,CTA AHORROS DOLARES,Surco,04/07/2022,5832.18
191-10277-21,C0277,CTA AHORROS DOLARES,Lince,24/02/2012,1993.95
191-10278-33,C0278,CTA CORRIENTE,San Isidro,28/05/2011,3111.23
191-10279-23,C0279,NA,Miraflores,02/07/2021,3638.23
191-10280-90,C0280,CTA CORRIENTE,San Isidro,16/04/2020,13600.32
191-10281-92,C0281,CTA CORRIENTE,Cajamarca,30/05/2020,5923.91
191-10282-37,C0282,CTA CORRIENTE,Callao,20/05/2014,1891.67
191-10283-57,C0283,CTA CORRIENTE,La Molina,27/10/2020,11356.69
191-10284-28,C0284,NA,Cajamarca,05/08/2010,7697.5
191-10285-10,C0285,CTA CORRIENTE,Callao,12/03/2010,12332.27
191-10286-84,C0286,CTA AHORROS DOLARES,Lince,17/02/2021,13398.44
191-10287-56,C0287,CTA CORRIENTE,Surco,20/03/2016,9530.18
191-10288-36,C0288,CTA CORRIENTE,Surco,24/03/2019,14569.01
191-10289-11,C0289,CTA AHORROS SOLES,Lince,20/05/2021,1598.39
191-10290-87,C0290,CTA AHORROS DOLARES,Callao,14/02/2010,9809.25
191-10291-29,C0291,NA,San Isidro,01/10/2017,2197.5
191-10292-48,C0292,CTA AHORROS DOLARES,Callao,15/06/2017,2506.64
191-10293-97,C0293,NA,Cajamarca,07/06/2022,4229.52
191-10294-69,C0294,CTA AHORROS DOLARES,Surco,20/10/2021,8364.61
191-10295-82,C0295,NA,Cajamarca,19/07/2021,7401.55
191-10296-49,C0296,CTA AHORROS SOLES,Callao,31/12/2022,10432.7
191-10297-18,C0297,CTA CORRIENTE,Lince,10/07/2012,682.71
191-10298-45,C0298,NA,Lince,16/01/2013,11568.49
191-10299-65,C0299,CTA AHORROS SOLES,Surco,15/07/2019,8282.66
191-10300-73,C0300,NA,Miraflores,20/03/2022,12344.39
191-10301-73,C0301,CTA CORRIENTE,Callao,08/09/2012,3673.23
191-10302-53,C0302,CTA AHORROS DOLARES,Surco,10/09/2010,10322.96
191-10303-69,C0303,CTA AHORROS SOLES,La Molina,24/04/2011,7050.27
191-10304-35,C0304,CTA CORRIENTE,Miraflores,17/01/2015,13283.65
191-10305-40,C0305,CTA AHORROS DOLARES,Lince,17/12/2017,14295.98
191-10306-35,C0306,CTA AHORROS SOLES,Callao,20/09/2015,12437.34
191-10307-67,C0307,CTA AHORROS SOLES,Lince,18/03/2022,11573.34
191-10308-13,C0308,NA,Cajamarca,14/04/2022,1158.26
191-10309-20,C0309,CTA AHORROS SOLES,Cajamarca,31/12/2023,9466.95
191-10310-60,C0310,CTA AHORROS DOLARES,Lince,04/04/2014,6693.45
191-10311-81,C0311,CTA CORRIENTE,Lince,19/03/2022,5112.55
191-10312-81,C0312,NA,Lince,25/12/2020,9109.84
191-10313-72,C0313,CTA AHORROS DOLARES,La Molina,20/01/2015,9072.78
191-10314-14,C0314,CTA AHORROS SOLES,Callao,25/09/2023,7921.95
191-10315-29,C0315,CTA CORRIENTE,Surco,15/08/2020,1480.86
191-10316-74,C0316,NA,Miraflores,17/10/2020,7161.34
191-10317-59,C0317,NA,Cajamarca,10/07/2019,2171.2
191-10318-71,C0318,CTA AHORROS SOLES,Callao,07/03/2022,4099.07
191-10319-43,C0319,CTA CORRIENTE,Lince,01/12/2017,9111.61
191-10320-46,C0320,CTA AHORROS SOLES,La Molina,09/11/2011,5935.24
191-10321-30,C0321,NA,Lince,30/12/2017,4074.23
191-10322-55,C0322,CTA AHORROS SOLES,La Molina,05/11/2014,11849.47
191-10323-89,C0323,CTA CORRIENTE,Callao,11/06/2016,13190.48
191-10324-23,C0324,NA,Callao,24/05/2021,7371.14
191-10325-54,C0325,CTA CORRIENTE,San Isidro,09/10/2012,5821.58
191-10326-35,C0326,CTA AHORROS SOLES,Callao,14/04/2020,6562.9
191-10327-79,C0327,CTA CORRIENTE,Surco,06/04/2023,6142.89
191-10328-35,C0328,CTA AHORROS SOLES,Surco,01/01/2013,7207.17
191-10329-13,C0329,NA,Surco,04/01/2023,4075.44
191-10330-23,C0330,NA,Miraflores,09/10/2010,6220.82
191-10331-72,C0331,CTA AHORROS DOLARES,San Isidro,23/02/2022,830.48
191-10332-57,C0332,NA,Surco,19/02/2010,14207.5
191-10333-65,C0333,CTA CORRIENTE,Callao,31/03/2011,9127.21
191-10334-12,C0334,CTA AHORROS SOLES,San Isidro,04/08/2014,10059.99
191-10335-80,C0335,CTA CORRIENTE,Callao,25/10/2018,3894.12
191-10336-68,C0336,CTA CORRIENTE,Surco,21/12/2017,3556.81
191-10337-40,C0337,NA,Miraflores,16/01/2014,2499.3
191-10338-64,C0338,CTA AHORROS SOLES,Lince,12/07/2013,6305.01
191-10339-55,C0339,CTA AHORROS DOLARES,Miraflores,06/09/2017,6647.41
191-10340-34,C0340,NA,Lince,05/02/2013,8861.53
191-10341-84,C0341,CTA AHORROS SOLES,San Isidro,11/12/2010,3028.76
191-10342-35,C0342,NA,Callao,21/04/2014,10578.32
191-10343-46,C0343,CTA AHORROS DOLARES,Miraflores,24/06/2021,3152.61
191-10344-94,C0344,NA,Callao,14/05/2014,9428.72
191-10345-94,C0345,CTA AHORROS SOLES,Miraflores,13/05/2013,10234.12
191-10346-91,C0346,CTA AHORROS DOLARES,Cajamarca,30/11/2010,6618.38
191-10347-91,C0347,CTA CORRIENTE,Lince,14/07/2022,8143.29
191-10348-68,C0348,CTA AHORROS SOLES,La Molina,26/03/2023,2698.1
191-10349-44,C0349,CTA CORRIENTE,Surco,19/01/2012,12467.41
191-10350-28,C0350,NA,Lince,11/03/2015,7446.73
191-10351-63,C0351,CTA CORRIENTE,Miraflores,14/04/2013,3590.32
191-10352-99,C0352,CTA AHORROS SOLES,Miraflores,03/09/2020,1388.83
191-10353-97,C0353,CTA CORRIENTE,Surco,25/08/2017,3042.9
191-10354-30,C0354,CTA AHORROS SOLES,Surco,09/10/2022,1320.38
191-10355-96,C0355,CTA CORRIENTE,Lince,07/01/2014,11245.86
191-10356-99,C0356,NA,Callao,28/09/2024,1908.44
191-10357-80,C0357,CTA CORRIENTE,San Isidro,15/01/2010,14343.18
191-10358-43,C0358,CTA AHORROS DOLARES,Cajamarca,19/03/2010,11847.51
191-10359-11,C0359,CTA CORRIENTE,Cajamarca,01/05/2014,14339.81
191-10360-33,C0360,NA,Lince,19/09/2021,10149.85
191-10361-51,C0361,CTA AHORROS DOLARES,Lince,04/09/2018,5164.21
191-10362-55,C0362,CTA CORRIENTE,Lince,10/02/2015,7685.97
191-10363-59,C0363,CTA AHORROS SOLES,Surco,08/09/2022,5277.97
191-10364-53,C0364,NA,Callao,03/12/2019,2591.66
191-10365-23,C0365,CTA CORRIENTE,La Molina,12/10/2010,8907.1
191-10366-31,C0366,NA,La Molina,22/09/2015,6345.53
191-10367-74,C0367,CTA CORRIENTE,Miraflores,18/01/2021,7339.93
191-10368-61,C0368,CTA CORRIENTE,Surco,30/03/2010,7902.9
191-10369-65,C0369,CTA CORRIENTE,Surco,14/09/2020,2080.65
191-10370-21,C0370,CTA AHORROS SOLES,Miraflores,07/10/2019,13243.67
191-10371-90,C0371,NA,Surco,12/01/2011,6635.83
191-10372-96,C0372,CTA AHORROS DOLARES,Lince,02/10/2022,8213.67
191-10373-94,C0373,CTA AHORROS SOLES,Cajamarca,05/11/2018,6618.72
191-10374-46,C0374,CTA AHORROS DOLARES,San Isidro,31/12/2022,11478.13
191-10375-15,C0375,CTA AHORROS DOLARES,Callao,14/08/2012,2574.04
191-10376-39,C0376,CTA AHORROS SOLES,Miraflores,21/01/2022,11736.56
191-10377-79,C0377,CTA AHORROS SOLES,Cajamarca,05/06/2016,5396.88
191-10378-18,C0378,CTA CORRIENTE,Lince,08/06/2010,3625.14
191-10379-99,C0379,NA,Surco,18/11/2020,4990.67
191-10380-25,C0380,CTA AHORROS DOLARES,Miraflores,01/07/2015,11947.73
191-10381-34,C0381,CTA AHORROS SOLES,Lince,10/01/2020,4486.56
191-10382-75,C0382,CTA CORRIENTE,Surco,26/10/2021,7445.99
191-10383-17,C0383,CTA CORRIENTE,Surco,11/04/2011,3554.13
191-10384-90,C0384,CTA AHORROS DOLARES,Miraflores,13/09/2014,5574.9
191-10385-89,C0385,CTA AHORROS SOLES,La Molina,08/01/2020,6051.96
191-10386-11,C0386,CTA AHORROS DOLARES,Miraflores,19/08/2015,9751.41
191-10387-81,C0387,NA,Surco,28/05/2016,5000.28
191-10388-76,C0388,NA,La Molina,13/12/2021,3193.83
191-10389-63,C0389,CTA CORRIENTE,La Molina,24/05/2010,9652.08
191-10390-73,C0390,NA,Miraflores,31/10/2013,5800.66
191-10391-79,C0391,NA,Surco,12/04/2022,14733.68
191-10392-98,C0392,CTA AHORROS SOLES,Callao,01/07/2013,1471.32
191-10393-44,C0393,CTA AHORROS SOLES,Cajamarca,24/04/2024,14568.88
191-10394-33,C0394,CTA AHORROS SOLES,La Molina,30/12/2020,6815.26
191-10395-24,C0395,CTA CORRIENTE,Cajamarca,02/10/2021,7869.86
191-10396-12,C0396,CTA CORRIENTE,Cajamarca,04/03/2012,6421.38
191-10397-97,C0397,CTA AHORROS SOLES,Lince,25/03/2015,12502.4
191-10398-93,C0398,CTA AHORROS DOLARES,San Isidro,20/04/2013,2989.84
191-10399-36,C0399,CTA AHORROS SOLES,San Isidro,06/10/2022,4102.83
191-10400-94,C0400,CTA AHORROS SOLES,Callao,15/05/2019,13755.92
191-10401-63,C0401,CTA AHORROS SOLES,Cajamarca,19/06/2023,3929.26
191-10402-69,C0402,NA,San Isidro,27/02/2010,6375.42
191-10403-47,C0403,CTA CORRIENTE,San Isidro,24/12/2024,11446.38
191-10404-77,C0404,CTA AHORROS DOLARES,Lince,17/04/2016,2129.07
191-10405-10,C0405,CTA CORRIENTE,Miraflores,06/11/2013,1243.58
191-10406-51,C0406,CTA AHORROS SOLES,Miraflores,20/09/2021,11216.1
191-10407-25,C0407,CTA AHORROS SOLES,La Molina,07/05/2020,8235.44
191-10408-84,C0408,NA,Callao,18/08/2010,14419.53
191-10409-21,C0409,CTA AHORROS DOLARES,Miraflores,03/04/2012,2423.75
191-10410-67,C0410,CTA AHORROS SOLES,Lince,03/04/2016,600.91
191-10411-42,C0411,CTA AHORROS SOLES,Surco,25/11/2023,1502.48
191-10412-80,C0412,CTA AHORROS DOLARES,Cajamarca,22/07/2012,7973.49
191-10413-57,C0413,CTA CORRIENTE,Cajamarca,18/06/2024,9325.76
191-10414-46,C0414,NA,Callao,08/09/2016,10518.62
191-10415-16,C0415,CTA AHORROS SOLES,Miraflores,19/05/2020,10209.16
191-10416-56,C0416,CTA AHORROS DOLARES,Callao,16/03/2016,12345.87
191-10417-78,C0417,NA,Callao,09/07/2016,6646.91
191-10418-84,C0418,CTA CORRIENTE,Surco,03/02/2015,13887.85
191-10419-93,C0419,CTA AHORROS DOLARES,Lince,31/03/2014,9027.9
191-10420-23,C0420,NA,San Isidro,07/12/2019,3769.34
191-10421-12,C0421,CTA AHORROS SOLES,Surco,21/11/2013,12759.01
191-10422-22,C0422,CTA AHORROS SOLES,Cajamarca,14/02/2017,10699.41
191-10423-20,C0423,CTA AHORROS SOLES,Surco,15/04/2015,14148.66
191-10424-55,C0424,NA,Lince,26/07/2012,1856.28
191-10425-36,C0425,CTA CORRIENTE,Lince,18/07/2010,6908.65
191-10426-53,C0426,CTA CORRIENTE,Surco,23/09/2017,859.02
191-10427-44,C0427,CTA AHORROS SOLES,Callao,02/02/2014,9161.22
191-10428-82,C0428,NA,Surco,25/12/2010,6746.49
191-10429-73,C0429,CTA AHORROS SOLES,Cajamarca,15/05/2022,13186.62
191-10430-40,C0430,NA,Lince,03/01/2022,11637.9
191-10431-83,C0431,CTA AHORROS DOLARES,La Molina,15/05/2022,4417.68
191-10432-55,C0432,CTA AHORROS SOLES,Cajamarca,21/09/2013,8549.27
191-10433-59,C0433,CTA AHORROS SOLES,San Isidro,27/10/2014,5681.01
191-10434-17,C0434,NA,La Molina,02/04/2010,11739.63
191-10435-75,C0435,CTA AHORROS DOLARES,Cajamarca,10/04/2017,1940.96
191-10436-97,C0436,CTA AHORROS SOLES,La Molina,09/01/2011,11508.87
191-10437-77,C0437,CTA AHORROS SOLES,La Molina,12/04/2012,2034.49
191-10438-75,C0438,NA,Cajamarca,03/01/2021,8893.28
191-10439-80,C0439,CTA AHORROS DOLARES,La Molina,25/11/2012,3593.07
191-10440-39,C0440,CTA CORRIENTE,Callao,23/01/2011,4487.63
191-10441-76,C0441,CTA AHORROS SOLES,Cajamarca,04/04/2023,6887.63
191-10442-78,C0442,NA,La Molina,06/06/2013,5944.92
191-10443-59,C0443,CTA CORRIENTE,Callao,27/09/2022,11823.0
191-10444-73,C0444,CTA AHORROS DOLARES,Miraflores,28/12/2015,4741.44
191-10445-45,C0445,CTA AHORROS DOLARES,Lince,08/02/2017,6012.47
191-10446-85,C0446,CTA AHORROS DOLARES,La Molina,18/02/2016,7516.82
191-10447-28,C0447,CTA AHORROS DOLARES,Lince,26/09/2018,4432.54
191-10448-96,C0448,CTA AHORROS DOLARES,Cajamarca,17/03/2011,1582.38
191-10449-63,C0449,CTA AHORROS SOLES,La Molina,19/11/2013,6571.29
191-10450-46,C0450,CTA CORRIENTE,Surco,18/03/2019,13210.95
191-10451-85,C0451,CTA AHORROS DOLARES,La Molina,11/02/2022,2642.12
191-10452-34,C0452,CTA AHORROS SOLES,Callao,28/08/2017,10457.77
191-10453-61,C0453,NA,San Isidro,19/02/2017,11017.83
191-10454-31,C0454,CTA AHORROS DOLARES,Lince,21/09/2017,8697.54
191-10455-87,C0455,CTA AHORROS SOLES,San Isidro,09/03/2024,10841.18
191-10456-71,C0456,CTA AHORROS DOLARES,Miraflores,18/10/2023,7372.71
191-10457-50,C0457,CTA CORRIENTE,San Isidro,20/11/2020,6861.4
191-10458-42,C0458,CTA CORRIENTE,Miraflores,28/01/2018,9402.19
191-10459-35,C0459,NA,Miraflores,16/10/2014,10204.05
191-10460-38,C0460,CTA CORRIENTE,San Isidro,16/08/2022,2420.89
191-10461-86,C0461,CTA CORRIENTE,Callao,27/08/2014,3668.62
191-10462-77,C0462,CTA CORRIENTE,Surco,31/05/2011,1058.55
191-10463-90,C0463,CTA AHORROS SOLES,San Isidro,20/06/2012,4290.38
191-10464-40,C0464,NA,Lince,22/02/2023,8502.48
191-10465-56,C0465,CTA AHORROS SOLES,Callao,14/07/2012,10944.0
191-10466-82,C0466,NA,Surco,01/08/2021,1713.91
191-10467-16,C0467,CTA CORRIENTE,Miraflores,13/03/2021,10908.44
191-10468-15,C0468,NA,Cajamarca,29/09/2015,5506.99
191-10469-37,C0469,CTA AHORROS DOLARES,La Molina,10/12/2014,8594.44
191-10470-80,C0470,CTA AHORROS DOLARES,Lince,27/10/2023,9719.59
191-10471-55,C0471,NA,Lince,01/02/2014,11339.29
191-10472-75,C0472,NA,La Molina,26/05/2019,13889.17
191-10473-70,C0473,CTA AHORROS DOLARES,La Molina,01/11/2015,13096.46
191-10474-44,C0474,NA,Lince,03/01/2018,14591.49
191-10475-31,C0475,CTA AHORROS SOLES,Lince,01/01/2018,14496.16
191-10476-73,C0476,CTA CORRIENTE,Callao,30/01/2013,5328.06
191-10477-86,C0477,CTA CORRIENTE,La Molina,07/08/2024,6330.12
191-10478-94,C0478,NA,Surco,13/07/2024,4801.62
191-10479-23,C0479,CTA CORRIENTE,Cajamarca,04/03/2022,2443.02
191-10480-88,C0480,NA,Cajamarca,16/03/2015,9907.23
191-10481-99,C0481,CTA AHORROS DOLARES,Miraflores,02/07/2019,9951.04
191-10482-49,C0482,CTA CORRIENTE,Callao,25/10/2022,6443.3
191-10483-89,C0483,CTA AHORROS DOLARES,Callao,26/09/2015,2328.65
191-10484-81,C0484,CTA CORRIENTE,San Isidro,14/02/2020,9104.49
191-10485-29,C0485,CTA AHORROS DOLARES,San Isidro,04/07/2010,13425.99
191-10486-50,C0486,CTA CORRIENTE,Surco,15/03/2014,3368.35
191-10487-23,C0487,NA,La Molina,18/07/2012,8480.79
191-10488-55,C0488,CTA CORRIENTE,Lince,24/08/2011,14705.83
191-10489-68,C0489,CTA AHORROS SOLES,Callao,27/05/2018,5255.75
191-10490-50,C0490,CTA AHORROS SOLES,Miraflores,07/06/2024,6138.08
191-10491-79,C0491,CTA CORRIENTE,Cajamarca,23/06/2013,10526.22
191-10492-57,C0492,NA,San Isidro,15/02/2020,7607.56
191-10493-84,C0493,CTA AHORROS SOLES,Surco,27/03/2017,13320.96
191-10494-95,C0494,CTA CORRIENTE,San Isidro,13/11/2015,14420.93
191-10495-54,C0495,CTA AHORROS SOLES,Callao,07/06/2015,4069.8
191-10496-15,C0496,CTA CORRIENTE,Surco,13/01/2012,10467.12
191-10497-61,C0497,NA,Cajamarca,14/07/2011,634.61
191-10498-10,C0498,CTA AHORROS DOLARES,Surco,10/08/2019,6113.49
191-10499-94,C0499,NA,Surco,14/09/2021,13627.94
191-10500-47,C0500,CTA AHORROS DOLARES,Lince,23/10/2020,4043.06
191-10501-54,C0501,CTA CORRIENTE,La Molina,28/09/2024,6593.65
191-10502-57,C0502,CTA AHORROS SOLES,La Molina,10/05/2019,9091.8
191-10503-66,C0503,NA,Surco,28/10/2024,1988.88
191-10504-88,C0504,CTA CORRIENTE,Lince,02/12/2010,11019.99
191-10505-10,C0505,CTA AHORROS SOLES,Miraflores,23/11/2015,1090.68
191-10506-23,C0506,CTA CORRIENTE,Miraflores,29/07/2011,541.94
191-10507-43,C0507,CTA AHORROS DOLARES,San Isidro,01/09/2023,4263.18
191-10508-68,C0508,CTA AHORROS DOLARES,Cajamarca,13/08/2022,11376.36
191-10509-50,C0509,CTA AHORROS SOLES,La Molina,03/06/2010,8194.38
191-10510-57,C0510,CTA AHORROS SOLES,Cajamarca,04/05/2019,13996.41
191-10511-81,C0511,CTA AHORROS SOLES,La Molina,18/05/2016,5518.83
191-10512-56,C0512,CTA AHORROS SOLES,Callao,28/02/2011,2586.8
191-10513-63,C0513,CTA CORRIENTE,Lince,21/08/2024,706.03
191-10514-88,C0514,NA,Surco,24/07/2024,1659.9
191-10515-95,C0515,CTA AHORROS SOLES,Surco,14/09/2016,2639.7
191-10516-18,C0516,NA,Miraflores,11/04/2022,14224.61
191-10517-16,C0517,NA,Cajamarca,22/07/2023,5514.55
191-10518-71,C0518,NA,Miraflores,05/02/2019,10535.38
191-10519-60,C0519,CTA AHORROS DOLARES,La Molina,16/01/2011,10031.2
191-10520-34,C0520,NA,La Molina,20/03/2010,2665.0
191-10521-85,C0521,CTA AHORROS DOLARES,Cajamarca,23/10/2018,10435.92
191-10522-88,C0522,NA,Miraflores,13/03/2012,3419.85
191-10523-93,C0523,CTA AHORROS SOLES,Callao,04/04/2012,10769.67
191-10524-61,C0524,CTA AHORROS SOLES,Miraflores,25/09/2011,11534.23
191-10525-38,C0525,NA,La Molina,11/02/2018,14598.81
191-10526-81,C0526,NA,Lince,26/11/2015,4427.65
191-10527-88,C0527,CTA AHORROS DOLARES,Lince,03/07/2015,10864.63
191-10528-84,C0528,CTA AHORROS SOLES,La Molina,22/03/2010,6693.04
191-10529-41,C0529,CTA CORRIENTE,Miraflores,24/08/2021,11759.34
191-10530-80,C0530,CTA CORRIENTE,La Molina,18/10/2022,13566.98
191-10531-83,C0531,CTA AHORROS SOLES,Lince,14/08/2012,2434.13
191-10532-98,C0532,CTA CORRIENTE,Lince,05/03/2010,2256.3
191-10533-96,C0533,NA,Callao,28/07/2014,2740.0
191-10534-95,C0534,NA,Callao,11/06/2019,1969.01
191-10535-15,C0535,CTA AHORROS DOLARES,Surco,16/01/2017,6861.29
191-10536-82,C0536,NA,San Isidro,31/12/2020,9528.01
191-10537-94,C0537,CTA AHORROS DOLARES,San Isidro,31/12/2018,12604.75
191-10538-92,C0538,CTA CORRIENTE,San Isidro,26/02/2020,1393.03
191-10539-47,C0539,CTA AHORROS DOLARES,Miraflores,17/11/2013,1933.69
191-10540-61,C0540,CTA AHORROS DOLARES,San Isidro,25/10/2013,9068.89
191-10541-62,C0541,CTA AHORROS SOLES,Lince,19/05/2011,11707.45
191-10542-45,C0542,NA,Surco,20/06/2023,6107.34
191-10543-91,C0543,NA,Callao,05/02/2019,1915.93
191-10544-73,C0544,CTA CORRIENTE,La Molina,04/03/2021,10870.98
191-10545-73,C0545,NA,Miraflores,16/08/2022,4694.65
191-10546-63,C0546,CTA AHORROS DOLARES,Callao,20/09/2016,10619.83
191-10547-81,C0547,CTA AHORROS DOLARES,Miraflores,15/04/2024,608.72
191-10548-75,C0548,NA,Callao,27/07/2010,1044.72
191-10549-45,C0549,CTA CORRIENTE,Cajamarca,06/06/2023,11337.24
191-10550-16,C0550,CTA AHORROS SOLES,San Isidro,15/08/2023,1953.23
191-10551-76,C0551,CTA AHORROS DOLARES,Cajamarca,06/02/2017,1213.79
191-10552-30,C0552,CTA AHORROS SOLES,Surco,20/06/2018,8495.75
191-10553-55,C0553,CTA AHORROS DOLARES,San Isidro,23/05/2020,2968.35
191-10554-75,C0554,CTA AHORROS SOLES,Miraflores,01/05/2014,6696.59
191-10555-85,C0555,CTA AHORROS DOLARES,Miraflores,01/08/2016,7289.63
191-10556-77,C0556,CTA CORRIENTE,Cajamarca,04/08/2019,11790.73
191-10557-93,C0557,CTA AHORROS DOLARES,Callao,21/09/2014,5865.41
191-10558-58,C0558,CTA AHORROS DOLARES,Callao,12/01/2022,1393.72
191-10559-47,C0559,CTA AHORROS SOLES,Cajamarca,06/09/2021,13889.37
191-10560-85,C0560,CTA AHORROS DOLARES,Lince,30/09/2018,9476.1
191-10561-40,C0561,CTA AHORROS DOLARES,La Molina,11/06/2015,7923.16
191-10562-81,C0562,CTA AHORROS SOLES,Lince,02/04/2017,3457.16
191-10563-63,C0563,CTA AHORROS SOLES,La Molina,15/11/2024,14148.38
191-10564-44,C0564,CTA AHORROS DOLARES,Miraflores,25/01/2020,10004.77
191-10565-20,C0565,CTA AHORROS DOLARES,Miraflores,06/05/2012,6337.0
191-10566-62,C0566,NA,San Isidro,27/04/2022,14180.79
191-10567-93,C0567,NA,Callao,01/06/2023,3527.73
191-10568-28,C0568,CTA AHORROS SOLES,San Isidro,04/05/2017,14815.12
191-10569-53,C0569,NA,Surco,03/01/2014,3772.94
191-10570-20,C0570,CTA CORRIENTE,La Molina,02/12/2020,6269.56
191-10571-97,C0571,CTA CORRIENTE,Callao,02/08/2024,7556.61
191-10572-87,C0572,CTA CORRIENTE,Callao,02/02/2018,12997.54
191-10573-21,C0573,NA,Lince,07/01/2021,1219.51
191-10574-35,C0574,CTA CORRIENTE,Callao,16/02/2011,10445.93
191-10575-66,C0575,NA,San Isidro,03/08/2015,8569.86
191-10576-17,C0576,NA,Callao,06/10/2020,3938.96
191-10577-31,C0577,CTA AHORROS DOLARES,San Isidro,16/09/2023,11816.36
191-10578-38,C0578,CTA CORRIENTE,Miraflores,17/07/2010,4700.66
191-10579-62,C0579,CTA AHORROS DOLARES,Miraflores,08/01/2018,7247.8
191-10580-76,C0580,CTA AHORROS DOLARES,Surco,21/02/2020,6150.69
191-10581-89,C0581,NA,Surco,03/05/2013,14110.39
191-10582-93,C0582,CTA AHORROS DOLARES,La Molina,20/02/2019,1390.57
191-10583-14,C0583,CTA AHORROS DOLARES,San Isidro,03/02/2022,5136.82
191-10584-51,C0584,CTA AHORROS DOLARES,La Molina,06/12/2021,8724.93
191-10585-38,C0585,NA,Miraflores,13/06/2021,13034.64
191-10586-84,C0586,CTA CORRIENTE,Lince,13/05/2020,14078.75
191-10587-75,C0587,CTA AHORROS SOLES,Miraflores,03/03/2017,1561.08
191-10588-88,C0588,CTA AHORROS DOLARES,La Molina,19/08/2018,10716.81
191-10589-82,C0589,NA,Lince,10/11/2011,5248.3
191-10590-17,C0590,CTA CORRIENTE,Surco,21/08/2014,5723.35
191-10591-82,C0591,CTA AHORROS SOLES,Callao,04/05/2012,3947.64
191-10592-76,C0592,CTA AHORROS SOLES,La Molina,25/05/2024,4643.97
191-10593-80,C0593,CTA CORRIENTE,Surco,20/12/2019,13203.95
191-10594-90,C0594,CTA AHORROS SOLES,Cajamarca,18/04/2014,10359.44
191-10595-58,C0595,CTA AHORROS SOLES,Cajamarca,28/03/2020,14769.99
191-10596-58,C0596,CTA AHORROS DOLARES,Lince,12/08/2023,14705.12
191-10597-79,C0597,CTA AHORROS SOLES,Surco,27/12/2023,7184.09
191-10598-13,C0598,CTA AHORROS DOLARES,Cajamarca,22/03/2011,8548.16
191-10599-65,C0599,NA,Miraflores,28/12/2019,3360.51
191-10600-54,C0600,CTA AHORROS SOLES,La Molina,28/01/2013,7789.3
191-10601-10,C0601,NA,San Isidro,11/01/2018,2697.96
191-10602-54,C0602,CTA AHORROS SOLES,La Molina,08/02/2018,13859.55
191-10603-17,C0603,CTA AHORROS DOLARES,San Isidro,20/06/2023,11568.51
191-10604-15,C0604,CTA AHORROS SOLES,San Isidro,16/06/2014,9419.92
191-10605-24,C0605,CTA AHORROS DOLARES,Surco,02/06/2023,6049.64
191-10606-16,C0606,CTA CORRIENTE,Cajamarca,14/06/2016,12469.96
191-10607-85,C0607,CTA CORRIENTE,Lince,23/10/2019,865.06
191-10608-17,C0608,CTA CORRIENTE,San Isidro,07/05/2014,13526.1
191-10609-75,C0609,CTA AHORROS DOLARES,Miraflores,01/04/2021,8803.04
191-10610-87,C0610,CTA CORRIENTE,La Molina,14/05/2012,5530.77
191-10611-61,C0611,CTA AHORROS SOLES,Miraflores,15/05/2019,5936.87
191-10612-98,C0612,NA,San Isidro,16/10/2014,13412.54
191-10613-24,C0613,CTA AHORROS SOLES,Surco,21/05/2012,6895.12
191-10614-19,C0614,CTA AHORROS DOLARES,Callao,28/06/2020,5244.7
191-10615-14,C0615,CTA CORRIENTE,San Isidro,29/07/2020,4145.78
191-10616-34,C0616,NA,Miraflores,31/01/2021,10770.92
191-10617-59,C0617,CTA CORRIENTE,La Molina,18/11/2015,1293.54
191-10618-10,C0618,CTA AHORROS SOLES,Lince,18/06/2013,1935.08
191-10619-33,C0619,CTA AHORROS SOLES,Lince,29/06/2020,5474.07
191-10620-33,C0620,NA,Callao,09/11/2014,10077.6
191-10621-39,C0621,NA,Lince,18/11/2017,9376.55
191-10622-68,C0622,NA,Lince,05/08/2014,10594.65
191-10623-88,C0623,CTA AHORROS DOLARES,Surco,14/07/2017,4463.63
191-10624-97,C0624,CTA CORRIENTE,Miraflores,19/03/2012,6532.69
191-10625-16,C0625,NA,La Molina,26/12/2018,9298.24
191-10626-86,C0626,CTA CORRIENTE,Cajamarca,01/06/2012,7101.56
191-10627-55,C0627,CTA AHORROS DOLARES,Miraflores,15/07/2014,11083.44
191-10628-85,C0628,CTA CORRIENTE,San Isidro,21/10/2021,7894.46
191-10629-10,C0629,CTA CORRIENTE,Cajamarca,29/11/2015,9648.98
191-10630-76,C0630,CTA CORRIENTE,Cajamarca,29/01/2017,14028.85
191-10631-83,C0631,NA,Cajamarca,26/06/2011,3917.07
191-10632-39,C0632,CTA AHORROS DOLARES,Lince,05/06/2018,3373.88
191-10633-10,C0633,CTA AHORROS DOLARES,Lince,23/11/2024,5475.09
191-10634-95,C0634,CTA AHORROS DOLARES,Miraflores,20/07/2021,8311.63
191-10635-82,C0635,NA,Callao,28/03/2022,7346.64
191-10636-88,C0636,CTA CORRIENTE,Lince,03/05/2022,4255.8
191-10637-54,C0637,CTA AHORROS SOLES,Surco,15/08/2016,9529.75
191-10638-57,C0638,CTA AHORROS DOLARES,San Isidro,19/05/2019,6416.8
191-10639-81,C0639,CTA AHORROS SOLES,Surco,02/06/2010,9430.73
191-10640-31,C0640,CTA AHORROS DOLARES,Miraflores,15/02/2020,8075.49
191-10641-78,C0641,CTA CORRIENTE,Callao,16/06/2017,6668.86
191-10642-72,C0642,CTA AHORROS DOLARES,Surco,25/06/2020,8038.65
191-10643-53,C0643,NA,Callao,11/03/2018,10366.71
191-10644-94,C0644,NA,Lince,18/12/2021,8786.48
191-10645-13,C0645,CTA CORRIENTE,Miraflores,02/02/2011,13544.03
191-10646-83,C0646,CTA AHORROS SOLES,La Molina,20/08/2015,2708.3
191-10647-14,C0647,CTA CORRIENTE,La Molina,24/04/2019,13371.04
191-10648-64,C0648,CTA AHORROS SOLES,Miraflores,20/08/2016,9574.43
191-10649-29,C0649,CTA CORRIENTE,La Molina,11/04/2019,7927.23
191-10650-28,C0650,CTA AHORROS DOLARES,Surco,29/06/2013,4890.17
191-10651-63,C0651,NA,Cajamarca,06/12/2014,2573.93
191-10652-39,C0652,CTA AHORROS DOLARES,Surco,27/06/2013,4952.64
191-10653-12,C0653,NA,Miraflores,06/07/2019,4746.97
191-10654-27,C0654,NA,Cajamarca,22/05/2020,6503.56
191-10655-99,C0655,CTA CORRIENTE,Surco,11/10/2013,12970.78
191-10656-57,C0656,NA,Callao,15/09/2013,4733.69
191-10657-95,C0657,CTA AHORROS DOLARES,Miraflores,27/05/2024,6732.95
191-10658-30,C0658,CTA AHORROS SOLES,Cajamarca,20/03/2012,9500.16
191-10659-24,C0659,CTA AHORROS SOLES,Surco,12/12/2020,3882.5
191-10660-82,C0660,NA,Cajamarca,20/12/2010,1648.46
191-10661-21,C0661,CTA CORRIENTE,La Molina,15/06/2024,1060.34
191-10662-88,C0662,CTA AHORROS SOLES,Lince,10/02/2019,12334.03
191-10663-13,C0663,CTA CORRIENTE,Cajamarca,24/02/2012,8286.12
191-10664-85,C0664,CTA AHORROS DOLARES,La Molina,23/09/2016,14144.6
191-10665-53,C0665,NA,Lince,27/04/2023,1178.28
191-10666-20,C0666,CTA CORRIENTE,La Molina,20/09/2012,1393.48
191-10667-57,C0667,NA,Callao,01/02/2020,3869.03
191-10668-49,C0668,NA,La Molina,17/08/2022,1987.11
191-10669-94,C0669,CTA CORRIENTE,La Molina,03/08/2013,12079.22
191-10670-84,C0670,CTA CORRIENTE,San Isidro,06/03/2021,5529.33
191-10671-19,C0671,CTA AHORROS SOLES,Miraflores,08/05/2022,6630.13
191-10672-36,C0672,CTA AHORROS SOLES,Miraflores,13/11/2015,1974.49
191-10673-72,C0673,CTA AHORROS SOLES,Miraflores,15/08/2021,4110.84
191-10674-65,C0674,CTA AHORROS SOLES,San Isidro,20/09/2016,789.27
191-10675-42,C0675,CTA CORRIENTE,Lince,30/11/2019,14334.91
191-10676-80,C0676,CTA AHORROS SOLES,La Molina,18/06/2012,10073.64
191-10677-75,C0677,NA,Cajamarca,15/03/2018,11192.63
191-10678-71,C0678,CTA AHORROS DOLARES,Lince,01/01/2025,13563.18
191-10679-91,C0679,CTA CORRIENTE,San Isidro,12/11/2021,6042.14
191-10680-24,C0680,NA,Miraflores,21/01/2024,7405.39
191-10681-89,C0681,CTA AHORROS SOLES,San Isidro,03/07/2023,3668.47
191-10682-22,C0682,CTA CORRIENTE,Cajamarca,21/12/2012,12571.06
191-10683-91,C0683,NA,Miraflores,02/03/2017,12020.57
191-10684-96,C0684,CTA CORRIENTE,Cajamarca,19/03/2015,14303.69
191-10685-70,C0685,CTA AHORROS DOLARES,Cajamarca,25/02/2024,5514.43
191-10686-70,C0686,NA,Cajamarca,19/02/2010,10905.76
191-10687-47,C0687,CTA AHORROS DOLARES,Lince,17/08/2023,2409.66
191-10688-97,C0688,NA,San Isidro,06/07/2011,4472.57
191-10689-22,C0689,CTA AHORROS SOLES,Miraflores,21/09/2020,8638.07
191-10690-52,C0690,CTA CORRIENTE,Miraflores,27/07/2015,7958.8
191-10691-47,C0691,CTA AHORROS SOLES,Cajamarca,05/08/2023,10311.4
191-10692-65,C0692,NA,Surco,16/01/2018,5220.05
191-10693-71,C0693,NA,Surco,12/05/2021,6132.62
191-10694-60,C0694,CTA AHORROS DOLARES,San Isidro,13/08/2018,14760.39
191-10695-58,C0695,CTA AHORROS SOLES,Surco,18/12/2017,8409.54
191-10696-71,C0696,CTA AHORROS SOLES,San Isidro,01/08/2017,12738.38
191-10697-29,C0697,CTA AHORROS SOLES,San Isidro,07/08/2014,10772.13
191-10698-24,C0698,CTA AHORROS DOLARES,Lince,07/09/2014,3783.51
191-10699-61,C0699,CTA AHORROS DOLARES,Surco,25/04/2023,3069.25
191-10700-93,C0700,CTA CORRIENTE,La Molina,02/11/2013,9421.02
191-10701-75,C0701,NA,Miraflores,05/09/2017,12877.07
191-10702-44,C0702,CTA AHORROS DOLARES,Lince,26/01/2013,5642.07
191-10703-50,C0703,NA,Cajamarca,19/11/2018,14549.1
191-10704-86,C0704,CTA AHORROS DOLARES,La Molina,19/01/2018,12395.11
191-10705-77,C0705,CTA CORRIENTE,La Molina,31/08/2023,8795.96
191-10706-13,C0706,CTA AHORROS SOLES,Lince,19/01/2016,11022.11
191-10707-90,C0707,NA,Miraflores,05/11/2013,5627.13
191-10708-28,C0708,NA,Lince,20/01/2015,1544.73
191-10709-49,C0709,CTA AHORROS DOLARES,Lince,18/06/2010,6067.9
191-10710-61,C0710,CTA AHORROS DOLARES,Lince,12/05/2012,5460.12
191-10711-63,C0711,NA,Lince,11/02/2013,13074.24
191-10712-91,C0712,CTA AHORROS DOLARES,Lince,25/02/2013,4287.52
191-10713-52,C0713,NA,Lince,24/11/2016,12946.44
191-10714-25,C0714,NA,San Isidro,27/11/2018,11745.74
191-10715-51,C0715,CTA AHORROS SOLES,La Molina,19/01/2020,2072.78
191-10716-76,C0716,CTA AHORROS SOLES,Surco,29/10/2024,7062.91
191-10717-75,C0717,CTA CORRIENTE,Callao,26/12/2014,12372.59
191-10718-13,C0718,CTA AHORROS DOLARES,Miraflores,06/02/2010,5573.77
191-10719-87,C0719,CTA AHORROS SOLES,San Isidro,21/09/2016,5626.79
191-10720-77,C0720,CTA AHORROS DOLARES,Callao,29/04/2024,3567.91
191-10721-21,C0721,CTA AHORROS DOLARES,San Isidro,26/03/2023,2586.22
191-10722-63,C0722,CTA AHORROS SOLES,Surco,10/10/2017,5420.4
191-10723-36,C0723,CTA AHORROS DOLARES,Surco,31/03/2014,14699.8
191-10724-75,C0724,NA,Callao,14/03/2020,7393.08
191-10725-81,C0725,CTA AHORROS SOLES,San Isidro,27/07/2014,13384.77
191-10726-72,C0726,CTA AHORROS SOLES,Lince,28/07/2014,8389.37
191-10727-49,C0727,CTA CORRIENTE,San Isidro,14/06/2019,7974.91
191-10728-67,C0728,CTA CORRIENTE,La Molina,07/08/2016,12747.65
191-10729-44,C0729,CTA AHORROS SOLES,Callao,24/02/2014,11373.35
191-10730-28,C0730,CTA AHORROS SOLES,Miraflores,03/06/2023,4807.54
191-10731-64,C0731,CTA AHORROS DOLARES,San Isidro,03/08/2016,11505.4
191-10732-13,C0732,CTA AHORROS DOLARES,Lince,07/03/2012,5445.63
191-10733-64,C0733,CTA AHORROS DOLARES,San Isidro,18/12/2022,11226.76
191-10734-19,C0734,NA,Miraflores,10/11/2024,11973.44
191-10735-46,C0735,NA,Miraflores,20/08/2020,11812.61
191-10736-37,C0736,CTA AHORROS SOLES,San Isidro,05/04/2017,7356.57
191-10737-48,C0737,CTA CORRIENTE,Lince,09/01/2018,6797.7
191-10738-88,C0738,CTA AHORROS DOLARES,San Isidro,04/07/2017,1579.77
191-10739-67,C0739,CTA AHORROS SOLES,Miraflores,23/03/2010,4824.12
191-10740-87,C0740,CTA AHORROS SOLES,Callao,06/07/2013,7424.7
191-10741-19,C0741,CTA AHORROS SOLES,Surco,21/01/2021,7422.44
191-10742-13,C0742,CTA CORRIENTE,Callao,08/10/2013,4816.07
191-10743-16,C0743,CTA AHORROS SOLES,Lince,10/11/2021,13042.88
191-10744-96,C0744,CTA AHORROS SOLES,La Molina,23/05/2019,10974.52
191-10745-35,C0745,CTA AHORROS DOLARES,Surco,01/08/2024,4791.43
191-10746-36,C0746,CTA CORRIENTE,Surco,03/07/2020,14300.36
191-10747-75,C0747,CTA CORRIENTE,San Isidro,20/01/2013,5344.62
191-10748-31,C0748,NA,Lince,21/01/2017,6793.12
191-10749-54,C0749,CTA AHORROS DOLARES,Callao,09/09/2016,4891.34
191-10750-38,C0750,CTA AHORROS DOLARES,Miraflores,19/03/2015,3086.84
191-10751-52,C0751,CTA AHORROS DOLARES,Callao,11/05/2019,12954.05
191-10752-19,C0752,CTA AHORROS DOLARES,Cajamarca,31/01/2019,4349.94
191-10753-10,C0753,CTA AHORROS SOLES,Miraflores,17/10/2023,9100.36
191-10754-87,C0754,CTA AHORROS SOLES,San Isidro,06/12/2011,13257.44
191-10755-86,C0755,CTA CORRIENTE,Miraflores,29/08/2013,2696.99
191-10756-36,C0756,CTA CORRIENTE,Surco,25/11/2016,7181.88
191-10757-62,C0757,CTA CORRIENTE,Miraflores,07/01/2015,1254.02
191-10758-91,C0758,CTA CORRIENTE,Callao,02/07/2023,9766.07
191-10759-30,C0759,CTA CORRIENTE,Surco,30/05/2010,10426.39
191-10760-28,C0760,CTA CORRIENTE,Callao,05/07/2016,7116.38
191-10761-50,C0761,CTA AHORROS DOLARES,La Molina,27/10/2013,1658.19
191-10762-79,C0762,NA,Miraflores,18/05/2013,695.74
191-10763-79,C0763,CTA AHORROS DOLARES,Lince,01/07/2012,12598.8
191-10764-88,C0764,CTA AHORROS DOLARES,La Molina,01/12/2023,8217.2
191-10765-29,C0765,CTA CORRIENTE,Lince,20/05/2017,10938.31
191-10766-93,C0766,CTA CORRIENTE,La Molina,26/03/2021,12438.83
191-10767-28,C0767,CTA CORRIENTE,La Molina,28/11/2011,12756.63
191-10768-40,C0768,NA,Surco,26/10/2023,14556.95
191-10769-30,C0769,CTA AHORROS DOLARES,Miraflores,13/09/2015,1286.62
191-10770-60,C0770,CTA AHORROS DOLARES,Callao,19/03/2018,10350.1
191-10771-84,C0771,CTA CORRIENTE,Cajamarca,01/05/2023,13585.95
191-10772-93,C0772,NA,Miraflores,31/01/2012,13605.1
191-10773-28,C0773,CTA AHORROS SOLES,San Isidro,30/03/2011,3436.35
191-10774-38,C0774,CTA AHORROS DOLARES,Cajamarca,10/03/2019,13282.7
191-10775-51,C0775,NA,Miraflores,09/05/2021,3829.76
191-10776-98,C0776,CTA CORRIENTE,Cajamarca,17/05/2018,6692.03
191-10777-65,C0777,CTA CORRIENTE,Surco,19/10/2019,8125.46
191-10778-21,C0778,CTA AHORROS SOLES,Lince,14/12/2020,3296.03
191-10779-74,C0779,NA,Cajamarca,09/02/2024,901.67
191-10780-89,C0780,CTA AHORROS SOLES,Surco,12/03/2014,11543.84
191-10781-65,C0781,CTA AHORROS DOLARES,Cajamarca,15/02/2017,14552.79
191-10782-24,C0782,CTA AHORROS DOLARES,Surco,02/10/2017,5872.13
191-10783-15,C0783,CTA CORRIENTE,San Isidro,19/09/2024,14929.1
191-10784-35,C0784,CTA AHORROS DOLARES,Miraflores,28/08/2012,8165.14
191-10785-73,C0785,NA,Surco,30/01/2010,13972.24
191-10786-32,C0786,NA,La Molina,29/04/2012,8473.09
191-10787-69,C0787,CTA AHORROS SOLES,Callao,25/11/2015,7512.64
191-10788-88,C0788,NA,Callao,10/02/2022,5051.69
191-10789-55,C0789,CTA CORRIENTE,Surco,17/11/2020,13522.35
191-10790-34,C0790,CTA AHORROS SOLES,Surco,01/01/2012,11009.38
191-10791-46,C0791,CTA AHORROS DOLARES,San Isidro,17/08/2011,5733.95
191-10792-47,C0792,CTA AHORROS DOLARES,Lince,04/02/2012,2981.38
191-10793-83,C0793,CTA AHORROS SOLES,Miraflores,24/06/2023,8407.95
191-10794-28,C0794,CTA AHORROS SOLES,Miraflores,04/03/2020,10418.51
191-10795-34,C0795,NA,Miraflores,01/01/2013,3796.2
191-10796-81,C0796,NA,San Isidro,26/10/2021,13508.21
191-10797-81,C0797,CTA AHORROS DOLARES,Lince,15/06/2012,11445.53
191-10798-38,C0798,NA,La Molina,31/03/2010,3149.65
191-10799-21,C0799,CTA CORRIENTE,Miraflores,20/07/2020,4934.67
191-10800-97,C0800,CTA AHORROS SOLES,Miraflores,03/06/2011,1274.23
191-10801-25,C0801,CTA AHORROS DOLARES,Callao,17/12/2022,9338.6
191-10802-20,C0802,CTA AHORROS DOLARES,Miraflores,18/02/2015,6996.94
191-10803-72,C0803,CTA AHORROS DOLARES,Surco,13/11/2016,11826.71
191-10804-39,C0804,CTA AHORROS SOLES,La Molina,20/08/2016,10133.96
191-10805-73,C0805,CTA CORRIENTE,Cajamarca,08/06/2020,2283.83
191-10806-70,C0806,CTA CORRIENTE,Cajamarca,15/08/2011,842.9
191-10807-82,C0807,CTA CORRIENTE,Callao,17/09/2016,1067.99
191-10808-49,C0808,CTA AHORROS DOLARES,Callao,12/05/2012,10209.05
191-10809-33,C0809,NA,Cajamarca,16/05/2022,13367.75
191-10810-65,C0810,NA,La Molina,31/10/2022,2060.07
191-10811-90,C0811,NA,La Molina,23/06/2021,8395.39
191-10812-33,C0812,CTA AHORROS SOLES,La Molina,26/09/2017,3928.3
191-10813-84,C0813,CTA AHORROS SOLES,Surco,21/05/2011,7525.73
191-10814-27,C0814,CTA CORRIENTE,San Isidro,04/05/2013,4025.81
191-10815-81,C0815,CTA CORRIENTE,Callao,27/09/2024,14191.05
191-10816-42,C0816,CTA AHORROS DOLARES,Callao,25/05/2012,14909.77
191-10817-44,C0817,CTA AHORROS DOLARES,Lince,29/08/2020,5147.2
191-10818-59,C0818,NA,San Isidro,09/05/2017,9723.05
191-10819-46,C0819,CTA AHORROS SOLES,Cajamarca,06/03/2018,11072.91
191-10820-77,C0820,CTA CORRIENTE,Cajamarca,07/07/2022,4422.64
191-10821-77,C0821,CTA AHORROS DOLARES,Surco,06/09/2019,6625.16
191-10822-88,C0822,CTA AHORROS SOLES,La Molina,21/01/2010,5819.89
191-10823-71,C0823,CTA AHORROS DOLARES,Lince,09/05/2014,2506.24
191-10824-85,C0824,CTA AHORROS DOLARES,Callao,05/02/2012,7138.91
191-10825-19,C0825,NA,Lince,13/01/2015,4523.5
191-10826-24,C0826,CTA AHORROS DOLARES,San Isidro,18/04/2016,10791.27
191-10827-14,C0827,CTA AHORROS DOLARES,Lince,07/05/2017,1110.04
191-10828-73,C0828,CTA CORRIENTE,La Molina,09/06/2011,5941.04
191-10829-89,C0829,NA,Surco,28/07/2014,4190.37
191-10830-20,C0830,CTA AHORROS SOLES,Callao,02/11/2015,2768.23
191-10831-69,C0831,CTA AHORROS SOLES,Surco,23/02/2024,930.93
191-10832-79,C0832,NA,La Molina,01/03/2013,13871.4
191-10833-88,C0833,CTA AHORROS SOLES,Miraflores,25/04/2023,4986.3
191-10834-93,C0834,CTA CORRIENTE,La Molina,17/04/2013,10317.89
191-10835-26,C0835,CTA AHORROS DOLARES,Cajamarca,27/12/2011,5657.31
191-10836-58,C0836,NA,Miraflores,05/03/2022,10290.14
191-10837-68,C0837,NA,Callao,28/07/2024,11988.21
191-10838-78,C0838,CTA AHORROS SOLES,Surco,29/01/2020,14857.93
191-10839-82,C0839,CTA AHORROS DOLARES,Surco,28/04/2018,13163.13
191-10840-91,C0840,CTA CORRIENTE,San Isidro,05/04/2014,7321.63
191-10841-36,C0841,CTA AHORROS DOLARES,Surco,16/09/2013,2309.12
191-10842-16,C0842,CTA AHORROS DOLARES,Surco,02/01/2010,2234.19
191-10843-89,C0843,CTA AHORROS DOLARES,Surco,16/03/2015,7663.94
191-10844-34,C0844,CTA CORRIENTE,Surco,31/05/2024,6419.84
191-10845-90,C0845,CTA AHORROS SOLES,San Isidro,10/04/2011,14875.68
191-10846-11,C0846,CTA CORRIENTE,Callao,21/08/2018,998.25
191-10847-81,C0847,CTA CORRIENTE,Callao,05/04/2012,3706.02
191-10848-65,C0848,CTA AHORROS SOLES,Miraflores,16/07/2017,10187.11
191-10849-97,C0849,NA,Cajamarca,05/12/2016,6608.28
191-10850-61,C0850,CTA AHORROS DOLARES,San Isidro,02/05/2023,13169.61
191-10851-37,C0851,CTA CORRIENTE,Callao,11/12/2024,6183.95
191-10852-89,C0852,CTA AHORROS SOLES,Miraflores,11/04/2020,9725.06
191-10853-20,C0853,NA,Surco,05/05/2019,9710.0
191-10854-83,C0854,CTA AHORROS DOLARES,Lince,18/10/2023,13966.53
191-10855-55,C0855,NA,La Molina,02/08/2012,12439.77
191-10856-65,C0856,CTA CORRIENTE,Lince,11/10/2013,8422.14
191-10857-48,C0857,CTA CORRIENTE,Callao,12/04/2014,11400.47
191-10858-96,C0858,CTA AHORROS DOLARES,Lince,09/12/2011,9061.77
191-10859-21,C0859,CTA CORRIENTE,San Isidro,21/09/2011,2706.5
191-10860-66,C0860,CTA AHORROS DOLARES,Miraflores,30/12/2021,5372.93
191-10861-17,C0861,CTA CORRIENTE,Cajamarca,05/03/2013,8489.46
191-10862-56,C0862,CTA CORRIENTE,Callao,15/07/2015,7542.68
191-10863-66,C0863,NA,La Molina,25/03/2016,886.11
191-10864-62,C0864,CTA AHORROS SOLES,Callao,15/06/2012,8270.32
191-10865-11,C0865,CTA CORRIENTE,La Molina,29/08/2024,10239.74
191-10866-51,C0866,CTA AHORROS DOLARES,La Molina,11/06/2019,11723.07
191-10867-80,C0867,CTA AHORROS DOLARES,Cajamarca,23/08/2010,9089.13
191-10868-96,C0868,CTA AHORROS DOLARES,Miraflores,22/12/2012,4048.77
191-10869-69,C0869,CTA CORRIENTE,Surco,21/07/2024,2067.68
191-10870-47,C0870,NA,Lince,15/01/2018,10978.44
191-10871-28,C0871,NA,Surco,22/01/2017,6707.52
191-10872-80,C0872,CTA AHORROS SOLES,San Isidro,11/12/2011,14546.34
191-10873-54,C0873,NA,Miraflores,29/08/2020,11948.27
191-10874-91,C0874,NA,Lince,15/02/2011,9182.3
191-10875-27,C0875,NA,Callao,01/07/2020,1231.56
191-10876-77,C0876,NA,San Isidro,25/01/2017,3392.54
191-10877-92,C0877,NA,Callao,22/10/2011,7925.2
191-10878-60,C0878,NA,Miraflores,06/03/2021,9940.78
191-10879-38,C0879,NA,San Isidro,19/09/2024,13313.9
191-10880-20,C0880,CTA CORRIENTE,Lince,25/08/2021,9072.22
191-10881-47,C0881,CTA AHORROS DOLARES,San Isidro,30/06/2017,1323.53
191-10882-22,C0882,CTA CORRIENTE,La Molina,30/03/2017,6439.08
191-10883-86,C0883,CTA AHORROS SOLES,San Isidro,20/05/2022,10747.18
191-10884-42,C0884,CTA AHORROS SOLES,Lince,14/01/2016,11573.47
191-10885-29,C0885,CTA AHORROS DOLARES,Cajamarca,10/04/2015,9737.03
191-10886-56,C0886,CTA AHORROS DOLARES,Lince,15/05/2017,2907.47
191-10887-40,C0887,NA,Lince,07/12/2021,14048.98
191-10888-16,C0888,CTA AHORROS DOLARES,Lince,14/02/2015,1400.79
191-10889-73,C0889,CTA CORRIENTE,Miraflores,16/12/2024,5278.22
191-10890-50,C0890,CTA AHORROS DOLARES,Miraflores,18/11/2022,6191.46
191-10891-98,C0891,CTA AHORROS SOLES,San Isidro,09/01/2011,8344.13
191-10892-66,C0892,CTA AHORROS SOLES,La Molina,21/07/2012,3609.19
191-10893-69,C0893,CTA CORRIENTE,La Molina,22/01/2019,11473.38
191-10894-13,C0894,CTA AHORROS SOLES,Callao,20/09/2014,8473.22
191-10895-63,C0895,CTA AHORROS SOLES,La Molina,16/04/2021,12397.17
191-10896-16,C0896,NA,Lince,02/12/2017,10387.02
191-10897-95,C0897,CTA AHORROS SOLES,Callao,17/08/2024,3569.76
191-10898-40,C0898,NA,Callao,17/09/2019,1366.35
191-10899-30,C0899,NA,San Isidro,26/10/2010,8948.44
191-10900-73,C0900,NA,Lince,06/11/2024,13809.92
191-10901-33,C0901,NA,La Molina,02/11/2024,5158.23
191-10902-93,C0902,CTA CORRIENTE,San Isidro,23/04/2017,11119.28
191-10903-90,C0903,CTA AHORROS DOLARES,La Molina,27/07/2019,12603.86
191-10904-62,C0904,CTA CORRIENTE,San Isidro,28/10/2020,11334.7
191-10905-81,C0905,CTA AHORROS DOLARES,La Molina,07/06/2022,7452.83
191-10906-72,C0906,CTA AHORROS DOLARES,Surco,06/04/2021,14038.0
191-10907-85,C0907,CTA CORRIENTE,Lince,26/03/2022,10512.76
191-10908-22,C0908,CTA AHORROS DOLARES,Cajamarca,07/03/2022,14350.8
191-10909-65,C0909,CTA CORRIENTE,Cajamarca,02/04/2015,12566.31
191-10910-48,C0910,NA,Callao,26/01/2023,10472.0
191-10911-12,C0911,CTA CORRIENTE,La Molina,17/07/2010,8101.36
191-10912-46,C0912,CTA AHORROS SOLES,Surco,23/03/2013,12061.21
191-10913-60,C0913,CTA AHORROS DOLARES,San Isidro,12/02/2014,10699.38
191-10914-30,C0914,CTA AHORROS SOLES,Cajamarca,02/05/2024,8394.86
191-10915-56,C0915,CTA CORRIENTE,Surco,27/07/2018,11823.5
191-10916-71,C0916,NA,La Molina,24/01/2010,9155.8
191-10917-52,C0917,CTA CORRIENTE,La Molina,30/12/2017,12441.99
191-10918-93,C0918,CTA CORRIENTE,San Isidro,19/10/2011,4651.17
191-10919-10,C0919,CTA AHORROS SOLES,San Isidro,01/03/2015,7373.31
191-10920-98,C0920,CTA CORRIENTE,San Isidro,19/05/2012,1238.49
191-10921-74,C0921,CTA AHORROS DOLARES,Cajamarca,30/08/2019,3334.66
191-10922-17,C0922,NA,Surco,17/10/2021,9805.96
191-10923-83,C0923,CTA CORRIENTE,San Isidro,17/12/2018,4740.57
191-10924-90,C0924,CTA AHORROS SOLES,Cajamarca,05/01/2013,5808.44
191-10925-46,C0925,CTA AHORROS SOLES,Lince,08/03/2013,2792.99
191-10926-23,C0926,NA,Cajamarca,12/07/2022,12124.87
191-10927-14,C0927,CTA AHORROS SOLES,San Isidro,14/04/2011,10742.94
191-10928-85,C0928,CTA AHORROS DOLARES,Lince,17/07/2013,1935.72
191-10929-34,C0929,CTA CORRIENTE,Miraflores,21/08/2013,10925.9
191-10930-17,C0930,CTA AHORROS DOLARES,La Molina,16/09/2021,3292.83
191-10931-35,C0931,CTA AHORROS DOLARES,Lince,27/06/2014,11489.54
191-10932-68,C0932,CTA AHORROS DOLARES,Callao,22/06/2015,12650.79
191-10933-19,C0933,CTA AHORROS DOLARES,Surco,28/10/2016,2318.75
191-10934-55,C0934,NA,San Isidro,05/02/2013,9240.6
191-10935-32,C0935,CTA AHORROS DOLARES,La Molina,23/08/2022,11493.25
191-10936-34,C0936,NA,Miraflores,04/09/2013,1778.01
191-10937-56,C0937,CTA CORRIENTE,Miraflores,12/03/2010,11916.21
191-10938-14,C0938,NA,La Molina,16/06/2018,6634.49
191-10939-98,C0939,CTA CORRIENTE,San Isidro,24/06/2021,7455.03
191-10940-31,C0940,CTA CORRIENTE,Surco,26/01/2010,10003.56
191-10941-57,C0941,CTA AHORROS DOLARES,Surco,22/12/2018,11683.21
191-10942-52,C0942,CTA AHORROS SOLES,La Molina,26/10/2023,10658.39
191-10943-43,C0943,NA,Callao,26/08/2013,3638.54
191-10944-10,C0944,CTA AHORROS SOLES,Lince,25/09/2015,11282.74
191-10945-97,C0945,CTA CORRIENTE,Miraflores,03/06/2020,3070.05
191-10946-90,C0946,CTA CORRIENTE,Miraflores,30/07/2017,2887.98
191-10947-62,C0947,CTA AHORROS DOLARES,Lince,31/08/2024,12714.23
191-10948-13,C0948,CTA AHORROS SOLES,Surco,26/03/2012,1994.56
191-10949-39,C0949,CTA CORRIENTE,Lince,22/03/2016,672.76
191-10950-83,C0950,NA,Surco,14/12/2017,12391.7
191-10951-79,C0951,CTA AHORROS SOLES,Miraflores,19/12/2022,7273.21
191-10952-84,C0952,CTA AHORROS DOLARES,San Isidro,01/05/2021,12054.28
191-10953-32,C0953,NA,San Isidro,25/10/2019,8022.04
191-10954-29,C0954,CTA CORRIENTE,Surco,20/07/2014,510.92
191-10955-41,C0955,CTA AHORROS DOLARES,Surco,21/05/2021,7998.38
191-10956-93,C0956,NA,Cajamarca,03/11/2020,7115.71
191-10957-25,C0957,CTA AHORROS SOLES,Cajamarca,04/09/2024,8833.84
191-10958-43,C0958,CTA AHORROS DOLARES,Callao,26/12/2020,12625.36
191-10959-77,C0959,CTA AHORROS DOLARES,Lince,17/03/2015,5639.74
191-10960-60,C0960,NA,Miraflores,10/08/2011,6175.97
191-10961-16,C0961,CTA AHORROS DOLARES,Lince,28/11/2020,10802.45
191-10962-37,C0962,CTA AHORROS DOLARES,Cajamarca,15/02/2010,14888.4
191-10963-63,C0963,CTA AHORROS SOLES,La Molina,03/11/2020,12481.59
191-10964-26,C0964,CTA AHORROS SOLES,La Molina,04/04/2019,9605.43
191-10965-49,C0965,CTA CORRIENTE,Cajamarca,30/11/2011,10258.73
191-10966-89,C0966,CTA AHORROS DOLARES,Cajamarca,06/12/2017,12707.14
191-10967-71,C0967,NA,San Isidro,14/05/2015,14165.03
191-10968-86,C0968,CTA CORRIENTE,Lince,22/02/2010,728.34
191-10969-82,C0969,CTA AHORROS SOLES,La Molina,23/10/2020,1398.35
191-10970-27,C0970,NA,Callao,29/04/2020,14582.05
191-10971-77,C0971,NA,Cajamarca,04/02/2018,5879.45
191-10972-83,C0972,CTA AHORROS SOLES,Surco,01/01/2019,1333.61
191-10973-68,C0973,NA,La Molina,15/11/2017,11516.82
191-10974-77,C0974,CTA AHORROS SOLES,La Molina,27/03/2012,4983.56
191-10975-87,C0975,CTA AHORROS DOLARES,Miraflores,20/06/2013,2692.32
191-10976-69,C0976,CTA AHORROS DOLARES,San Isidro,10/10/2013,12021.85
191-10977-74,C0977,CTA CORRIENTE,Surco,22/07/2012,9505.03
191-10978-33,C0978,CTA CORRIENTE,Surco,01/06/2014,11163.74
191-10979-78,C0979,CTA AHORROS DOLARES,Surco,26/06/2011,8399.1
191-10980-29,C0980,CTA CORRIENTE,Lince,07/01/2024,12056.83
191-10981-30,C0981,CTA CORRIENTE,Surco,24/11/2023,9613.28
191-10982-29,C0982,NA,San Isidro,06/07/2013,4673.52
191-10983-25,C0983,CTA AHORROS DOLARES,Cajamarca,24/02/2014,8680.72
191-10984-72,C0984,NA,San Isidro,05/03/2014,3456.25
191-10985-69,C0985,CTA AHORROS SOLES,San Isidro,22/09/2016,10596.03
191-10986-46,C0986,CTA AHORROS SOLES,San Isidro,23/03/2022,4835.88
191-10987-27,C0987,CTA CORRIENTE,San Isidro,04/08/2018,4498.46
191-10988-49,C0988,CTA CORRIENTE,San Isidro,09/12/2012,5171.2
191-10989-46,C0989,CTA CORRIENTE,Lince,13/01/2021,13668.38
191-10990-94,C0990,NA,Cajamarca,09/04/2022,7512.95
191-10991-69,C0991,CTA AHORROS SOLES,San Isidro,28/04/2024,6910.73
191-10992-85,C0992,CTA CORRIENTE,Callao,05/06/2013,14466.34
191-10993-89,C0993,CTA CORRIENTE,Callao,14/01/2019,10247.32
191-10994-77,C0994,CTA CORRIENTE,La Molina,17/09/2013,3895.69
191-10995-63,C0995,CTA CORRIENTE,Callao,15/06/2017,9590.02
191-10996-65,C0996,NA,Callao,13/11/2022,7594.39
191-10997-73,C0997,CTA CORRIENTE,San Isidro,09/05/2011,12228.36
191-10998-68,C0998,CTA CORRIENTE,Callao,01/11/2013,14186.8
191-10999-51,C0999,CTA AHORROS SOLES,La Molina,12/07/2022,6511.61
191-11000-16,C1000,CTA AHORROS SOLES,Surco,29/11/2022,9832.86
